"","ID","Y"
"1",473,2998.90579832844
"2",416,3060.86880061018
"3",922,2974.93852166221
"4",1064,2767.66960714285
"5",618,2996.48983093065
"6",535,NA
"7",782,2939.49293600569
"8",680,2734.31776565196
"9",1130,2978.57170736445
"10",1175,2899.29006246799
"11",1530,2844.73926793632
"12",661,2799.18710090604
"13",1537,3117.91715596568
"14",49,2902.40057424334
"15",15,2889.9555368889
"16",616,2847.16521800164
"17",711,2893.07942764259
"18",1178,2855.71113515227
"19",1497,2912.910527697
"20",640,3220.28384361802
"21",298,2907.35330958091
"22",114,2687.22199392649
"23",98,2950.66136151657
"24",162,2901.95766284903
"25",561,2661.17464603704
"26",842,3073.50188997941
"27",60,2946.21493481839
"28",1407,2956.68893383459
"29",1182,2865.21746479664
"30",837,2899.81659033346
"31",82,3211.31696418563
"32",1503,2899.7959432135
"33",778,3131.6619950791
"34",353,2755.06351941063
"35",996,2978.8584658816
"36",99,2836.41447290205
"37",150,NA
"38",1551,3060.48312992378
"39",977,2798.83282271434
"40",197,2973.14132731078
"41",1459,2671.14414660721
"42",70,3145.8353259635
"43",1554,2927.69470746554
"44",1539,2868.58992917756
"45",1306,2865.79275142489
"46",1621,2859.19522010734
"47",1081,2973.23314918518
"48",520,2979.43062191792
"49",1316,2915.87765831998
"50",733,2868.8708090414
"51",402,3070.0388181895
"52",437,2905.81487249876
"53",1263,2694.4195964607
"54",729,3032.5818073735
"55",1599,3020.53586335527
"56",1519,3062.9452896435
"57",554,3177.96772622021
"58",910,2880.09263824738
"59",949,2807.19405217082
"60",995,2897.10319622066
"61",1121,2968.72881924947
"62",898,3091.54524064354
"63",795,2835.20433921554
"64",1092,3056.07799281805
"65",1517,3138.16061609483
"66",454,2866.91517411602
"67",722,2933.90893523393
"68",1540,3099.31534609346
"69",294,2884.70227544983
"70",1120,2955.09977170187
"71",321,2783.96359873726
"72",908,2742.85963507834
"73",644,2912.96112090637
"74",1607,2858.63140679122
"75",970,2617.94901323774
"76",691,2951.2098771858
"77",398,2796.75877410963
"78",1480,3035.7367256845
"79",1203,3053.3209934586
"80",187,2866.0050832938
"81",1414,2750.06784003306
"82",1514,2982.07998955253
"83",1639,2757.76120838579
"84",1098,2841.4438780929
"85",1440,2840.27150532896
"86",919,2913.9437511196
"87",1393,3087.27670789686
"88",43,3076.37231368075
"89",1390,3006.62937952047
"90",1588,2853.3633739305
"91",481,3050.62323797997
"92",62,3106.69617306076
"93",687,2833.71669589252
"94",636,3117.39709121933
"95",463,2881.7662256617
"96",383,2857.65965020131
"97",803,2856.3052674276
"98",567,2978.29386612301
"99",1637,3003.29446236886
"100",293,2899.96284978906
"101",1237,2894.08183101256
"102",712,3032.89972464671
"103",149,2951.22479744262
"104",673,2568.70218367785
"105",690,2999.18074508146
"106",1596,3005.86088591441
"107",685,2845.84490239624
"108",426,3071.74324712173
"109",678,3162.62177143859
"110",95,2585.34312036661
"111",250,2768.5077215937
"112",643,2854.06921184196
"113",1394,3019.48742318595
"114",770,2952.94770432409
"115",632,3058.49238944321
"116",1176,2617.77422722103
"117",682,3183.82459530723
"118",1299,2771.89835863368
"119",247,2946.76568717976
"120",633,2776.25872630287
"121",234,2947.14525246641
"122",1275,3165.10419950511
"123",897,2757.33817815044
"124",896,NA
"125",955,2969.16480549519
"126",921,3018.41119518802
"127",128,3114.30361502676
"128",1240,3038.2830590041
"129",1406,2826.70610177649
"130",664,3038.76054687767
"131",1301,3050.16468445347
"132",1129,2847.95455257619
"133",1304,2869.57298016194
"134",998,3320.42746778555
"135",1207,2754.01386349197
"136",625,2945.8241807161
"137",525,3280.42958298829
"138",948,2735.44852443864
"139",521,2956.35675040379
"140",1172,2815.51781509767
"141",91,2780.34562823778
"142",258,2841.57250277023
"143",648,2896.6762510566
"144",71,3016.95583998285
"145",576,2903.1592324675
"146",1119,2838.94440165305
"147",709,2779.14953327086
"148",218,2988.26005652892
"149",761,2993.5499329535
"150",1292,2913.5438592048
"151",944,3026.6124380804
"152",332,2681.75965617931
"153",1511,3030.20820427304
"154",86,2677.6772941135
"155",1204,3007.83764093122
"156",588,NA
"157",1629,2962.2542463553
"158",717,3103.86071178251
"159",637,2935.26825943715
"160",306,2985.94227081456
"161",33,2879.95243330069
"162",646,2509.23115058784
"163",415,2715.2227525918
"164",894,2906.78764941499
"165",79,3058.54913042351
"166",1565,3165.91493043243
"167",342,2855.72268986642
"168",1469,2858.23745097256
"169",1034,3097.06490494548
"170",1159,2880.51398955043
"171",497,2974.92572162526
"172",340,2914.90476056394
"173",221,3095.57690835337
"174",224,3043.52413331253
"175",307,2849.60923115318
"176",1512,3091.82584954925
"177",543,2854.47109540007
"178",675,2878.44966174592
"179",1345,3019.06697345856
"180",890,2692.09718566583
"181",1300,2999.02047514619
"182",226,3124.91451706522
"183",806,2872.35907007531
"184",395,2867.96606806817
"185",617,2807.52779265648
"186",94,2845.29152162573
"187",1569,2835.96964017956
"188",1344,2987.13639207228
"189",204,2857.4569509
"190",1630,2824.53071514776
"191",333,2806.85620529367
"192",1552,2950.03607807495
"193",1150,2653.97312103119
"194",779,2953.47812638328
"195",540,2922.76328897247
"196",492,2729.78763052519
"197",1049,2868.8150968965
"198",291,2972.93957800343
"199",453,2672.53883692185
"200",51,2796.62077873282
"201",726,3046.58229580266
"202",1199,2770.39981211151
"203",599,2828.02247527659
"204",285,2937.44087732242
"205",1017,2727.47545732535
"206",516,2646.75652806809
"207",1570,2789.20954930117
"208",718,3159.04216264597
"209",1162,3071.27268032919
"210",211,2541.46649506374
"211",1547,3007.76733056664
"212",1106,3017.38466702407
"213",1128,2794.27858036234
"214",723,2948.23933530256
"215",77,2823.63801389949
"216",196,2916.58304342543
"217",769,2810.64341962348
"218",1369,3005.13156551898
"219",1020,2950.12212120117
"220",382,3050.62225375455
"221",370,2703.55772627106
"222",1330,3101.53377393714
"223",1453,3026.51065339824
"224",1379,3081.15796055196
"225",1074,2689.09474102587
"226",117,2892.61559366642
"227",669,3088.12226182871
"228",55,2986.00786652234
"229",920,2923.91980983846
"230",772,2884.24524103422
"231",1426,2609.36484489699
"232",1110,2982.70079951214
"233",1364,2648.40642025726
"234",1200,2862.01792754186
"235",42,3043.0814331625
"236",450,2484.20068776513
"237",862,3020.6503957735
"238",478,2788.27952437735
"239",876,2852.25079641818
"240",232,2853.78216703912
"241",1521,2878.78565094269
"242",1043,2943.17575174223
"243",702,2880.96897518827
"244",766,2838.37239160842
"245",549,2731.03271659584
"246",1603,2856.64056341337
"247",1575,3108.57377115451
"248",243,2668.52028766308
"249",1526,3008.87766900437
"250",443,2919.47774729373
"251",739,3210.76504358855
"252",1427,2958.91711506591
"253",1583,2896.07961922324
"254",846,2859.07703047362
"255",724,NA
"256",1363,2641.06051305245
"257",950,3027.88082267173
"258",947,3106.46334388061
"259",1086,2902.60027707958
"260",1368,2931.00468116095
"261",1231,2738.14789259934
"262",484,2986.1802830292
"263",1500,2819.57913104633
"264",12,3167.79613745237
"265",458,2564.73586921778
"266",1107,3086.33437449341
"267",1183,NA
"268",603,2670.64232843815
"269",508,3144.7803549276
"270",743,2726.09419619293
"271",1404,2999.3560051473
"272",130,3088.62789953789
"273",1491,3145.69167529475
"274",1418,2599.05660181749
"275",414,2885.2396511094
"276",1302,2566.84693727682
"277",1037,2835.50346608821
"278",420,2862.97599540591
"279",52,2988.21277941642
"280",697,3012.3885111604
"281",1580,2850.34417298658
"282",889,2743.40496114083
"283",1502,2787.04930611246
"284",413,2833.94209419659
"285",423,2748.90155996695
"286",638,3010.68459349998
"287",1211,2796.70367153909
"288",1006,2796.32463543965
"289",65,3137.93829120343
"290",138,2919.35853691086
"291",518,2844.7497715109
"292",120,2698.16142017502
"293",479,2919.41436137797
"294",660,2946.67506933263
"295",1111,2945.91812577128
"296",1488,3003.25999935603
"297",25,2757.45995576924
"298",1072,2882.43713421648
"299",784,2878.08070671192
"300",1209,3115.36093351904
"301",113,2729.46755956617
"302",102,3002.14658753636
"303",1544,2991.84056407732
"304",184,2774.31657949505
"305",607,2897.12890062569
"306",1359,2951.51889783006
"307",80,3007.38429244756
"308",1152,2572.88241236574
"309",1448,2878.28168172553
"310",1319,2735.96989091181
"311",984,3120.55772275567
"312",121,2633.75877485567
"313",1218,2646.5592170649
"314",1541,2849.21999320638
"315",253,2904.70005979196
"316",888,2857.01585198498
"317",122,2666.16724432322
"318",573,2885.43870851119
"319",1005,2890.60678301819
"320",771,2976.55733138074
"321",290,2960.29134553085
"322",1228,3033.14253575742
"323",1564,2848.26864222765
"324",721,2570.67922077652
"325",1148,3147.19617224674
"326",1004,3045.82632273212
"327",569,2947.00182409621
"328",1226,2807.04917054686
"329",972,2811.50846172799
"330",1412,2866.77564976632
"331",214,2814.4414072334
"332",350,3025.93027553162
"333",954,3222.07914153164
"334",68,2696.94131242867
"335",623,2637.12613440378
"336",185,3077.66177120333
"337",417,2753.31133880231
"338",163,2981.83252294983
"339",1170,2913.38324540554
"340",707,2939.9556522064
"341",1082,2989.60939264842
"342",877,3062.96136357896
"343",1195,2714.79413638497
"344",1509,2970.54027113092
"345",73,2756.46727421698
"346",242,2818.76414235342
"347",109,3061.63767577927
"348",1054,2854.87755461488
"349",983,2955.48089103708
"350",906,2742.07424067405
"351",1326,2724.88116274311
"352",981,2605.24404171228
"353",703,2883.57553789235
"354",1378,2791.23818244338
"355",1278,2683.07398780159
"356",1454,2681.81730035665
"357",811,2884.78496128676
"358",1257,2855.20882186073
"359",1592,2602.51413401844
"360",127,2663.77943340033
"361",1597,2849.57987089829
"362",455,3110.66976474716
"363",701,3011.92175129602
"364",1168,2761.74661722813
"365",1270,2896.44631726822
"366",217,2908.40969607809
"367",649,3126.83127112848
"368",427,3078.10843795232
"369",1132,3035.59948971937
"370",969,2951.90450621444
"371",1433,3101.40461331438
"372",139,3126.51510732557
"373",1189,3035.37644333909
"374",374,2950.61114225999
"375",962,3120.67281451623
"376",30,2892.46277004828
"377",272,2936.58612986271
"378",245,2909.07489963582
"379",355,2907.13344625358
"380",813,2861.74092853889
"381",1339,2907.7595206425
"382",324,3021.67796581246
"383",1096,3032.57800472207
"384",360,3134.02288637763
"385",823,3064.36747753631
"386",805,3104.80843332714
"387",235,2869.94310820931
"388",1265,2903.66322222971
"389",356,2841.87401694369
"390",1349,3193.1287603515
"391",1524,2983.84284380122
"392",1056,2973.73685819602
"393",841,3069.76457723013
"394",989,3037.11330327989
"395",828,2862.53689290614
"396",238,2831.27951996473
"397",155,3286.02805797014
"398",1388,2825.31753697327
"399",1327,2814.42904090179
"400",134,2993.7041049831
"401",142,2870.88421934232
"402",780,2799.22062248517
"403",449,2894.99150620382
"404",1452,2792.83215020908
"405",1167,3057.39894618117
"406",387,2865.86200645708
"407",1470,2710.73088815125
"408",47,2947.8010008515
"409",276,3023.93749127256
"410",1322,2968.09060532943
"411",930,3109.18576666484
"412",790,3046.06629962699
"413",1424,2932.74847880567
"414",1066,2760.80638742659
"415",1262,2916.12905272708
"416",1174,2971.03490269746
"417",1550,3153.74036625862
"418",425,2959.86403483449
"419",1259,2767.16348328176
"420",1465,3032.85776214685
"421",1556,2998.15101352677
"422",165,3008.78697895906
"423",412,2914.2032248447
"424",83,2902.22219358961
"425",151,2815.51866446409
"426",1341,2836.45303595124
"427",287,2933.13993494652
"428",514,2721.75232061713
"429",169,3100.47964056397
"430",1065,2608.36591396638
"431",1274,3096.57474624419
"432",531,3107.59714055371
"433",136,2794.47206019648
"434",1117,3086.95604007618
"435",1310,2815.8165852735
"436",1252,2887.09018738563
"437",161,3140.67592250945
"438",748,3174.89747988146
"439",694,2845.41043949574
"440",1571,2988.28751987916
"441",1171,2892.3537781636
"442",309,NA
"443",45,3117.72080683645
"444",1559,2867.22915146188
"445",705,2817.30619135591
"446",1601,2862.0925709497
"447",550,3311.4690433258
"448",1421,2821.38467302129
"449",704,3030.79156654881
"450",510,2889.81139266871
"451",571,2959.21465614826
"452",195,2659.24524388973
"453",107,3080.77716847205
"454",1484,2889.07787878427
"455",365,2873.42978532556
"456",1246,NA
"457",363,2849.44200122705
"458",389,3196.22167108219
"459",119,2812.99638554316
"460",1317,2964.78170258704
"461",164,2959.12297110051
"462",533,2749.09758020862
"463",348,2862.06281275747
"464",89,3005.3480693867
"465",517,2917.62070177454
"466",527,2810.96458333382
"467",595,3117.52335563386
"468",1380,2885.090680247
"469",776,2848.61618173625
"470",388,2694.94802396862
"471",1443,2895.13572184397
"472",24,3050.97851938758
"473",1461,2941.79921045262
"474",1373,3113.37564068308
"475",28,2898.29947789735
"476",5,2677.77575091982
"477",137,2767.16486546431
"478",1272,3068.80402154283
"479",1141,2660.99499618676
"480",4,2798.37780302571
"481",465,2946.52761318611
"482",496,2709.79290835162
"483",857,2748.73223648686
"484",905,2780.05622665466
"485",393,2935.54981178306
"486",1501,2922.4140740609
"487",1354,2816.13672901999
"488",201,2657.11932043647
"489",268,2955.31994049807
"490",807,2866.35889422712
"491",1555,2951.34009110223
"492",1574,3149.49495237847
"493",1486,3099.72247748737
"494",683,3094.6571535424
"495",1003,3073.83879928402
"496",880,2673.19176222593
"497",385,2889.46881285623
"498",1410,2895.3830075751
"499",270,2890.62699967435
"500",334,2956.01247183728
"501",901,3018.23228074594
"502",1493,2738.16032224026
"503",442,2884.55940626972
"504",924,3007.03224476753
"505",411,2867.58955940068
"506",1347,2826.87698969493
"507",986,2812.76073647963
"508",1131,2986.17840604782
"509",1518,3170.8609990649
"510",1382,2746.50465370991
"511",1527,2783.54150957728
"512",408,2813.84028896505
"513",1239,2890.39528254885
"514",804,2863.70598707446
"515",1140,3110.24801895317
"516",672,2861.39043235767
"517",1399,2837.05453199072
"518",482,2924.89119715488
"519",1303,2822.19536272614
"520",671,2803.63767349094
"521",1513,3133.35904381959
"522",652,3006.41075201409
"523",1535,2653.42829568844
"524",615,2900.13172231486
"525",1032,2932.90333081599
"526",78,2999.86897337388
"527",1532,3124.14303868324
"528",1201,2972.47543902374
"529",568,3134.82493316333
"530",13,2881.36519351578
"531",1545,2941.68370184271
"532",928,3186.0902523562
"533",1038,2643.5585908431
"534",222,2866.03291146281
"535",973,2848.62214257069
"536",1402,2858.69933957185
"537",284,2855.7775551587
"538",1155,2726.35467835384
"539",1377,3105.47584029182
"540",608,2887.87411938569
"541",499,2903.10330956825
"542",1606,3030.42870117539
"543",40,3115.22013987779
"544",409,2881.04223504275
"545",407,2552.62776152874
"546",292,2798.21930647226
"547",506,3019.86088841504
"548",1290,2978.56883721022
"549",236,2988.09044595864
"550",988,2922.27074483756
"551",562,2798.7479969927
"552",304,2894.97088141971
"553",225,2758.68833634697
"554",551,3063.18251291262
"555",751,3234.38665786739
"556",346,2776.91091807721
"557",1476,3061.30420076074
"558",591,2787.44100890487
"559",511,2842.4178812708
"560",1090,2954.91556223469
"561",1190,2991.0485769795
"562",182,2769.38551387704
"563",476,2982.68441902033
"564",824,3082.18221992087
"565",1022,NA
"566",286,2765.61536010596
"567",1244,2924.98381830133
"568",1411,2943.71956807393
"569",606,2820.59442827954
"570",1288,2933.10280794059
"571",1083,3068.6144317017
"572",631,2826.53953759012
"573",1097,2970.43364913945
"574",200,3040.9241887735
"575",303,2808.50903752105
"576",793,3060.72731893493
"577",693,2595.88039278209
"578",1205,2862.01768073032
"579",715,3086.33652523692
"580",239,3152.97538388395
"581",381,2975.89521167411
"582",654,2697.98820244932
"583",1608,2811.57063345465
"584",622,3127.28026107336
"585",1044,2935.04809104901
"586",53,2962.50261308842
"587",330,3054.79033194398
"588",564,3141.91039267769
"589",774,2804.62788404684
"590",1561,2886.95016311168
"591",146,3033.09441110206
"592",386,2977.04264585637
"593",312,NA
"594",111,2866.59592938555
"595",1266,2996.21161734246
"596",379,2824.83400476738
"597",658,2695.97163793151
"598",85,2900.25622136881
"599",1609,2911.43590160754
"600",1462,3048.41499010258
"601",1413,2734.21454718612
"602",1434,2976.05900590529
"603",1180,2965.73578885642
"604",1558,2946.72671557591
"605",403,2850.19737880609
"606",635,2872.48347134019
"607",172,2914.42432596282
"608",439,3221.42626104119
"609",1040,2869.75181198451
"610",834,2985.80434894736
"611",1215,3053.53926234836
"612",1320,2691.52663288576
"613",936,2761.06861319408
"614",589,3101.49341593229
"615",20,2836.51727998997
"616",1079,2887.79848093851
"617",699,3071.03298713138
"618",1622,2934.51446054938
"619",892,2731.61055807504
"620",1076,2917.39557703072
"621",69,3038.51583960941
"622",657,3229.83953137243
"623",144,2812.56271850206
"624",1586,2980.60532734675
"625",999,2692.0604707613
"626",934,3225.08909532994
"627",797,3017.00933282077
"628",854,2934.70222397292
"629",547,3011.15718179809
"630",681,3033.8868368548
"631",1136,2694.41496951307
"632",1627,2714.92892073369
"633",1542,2699.89444969762
"634",343,NA
"635",613,3016.17934944
"636",964,3113.40273710796
"637",1611,2921.85204310659
"638",215,2955.42022239481
"639",1435,2814.4190666292
"640",558,3146.42555427195
"641",1618,2856.08123097588
"642",835,2948.21134269126
"643",316,2823.41505067009
"644",818,2933.67133869788
"645",859,3069.14511896736
"646",338,2864.56653179945
"647",519,2892.46356527079
"648",1001,2872.04031884311
"649",1248,2685.12401324806
"650",580,2836.7638752572
"651",512,2954.9347680225
"652",1028,2984.23110915249
"653",1133,2752.68166371513
"654",560,3100.94902795557
"655",586,2860.2688366065
"656",1593,2924.23538154299
"657",104,2907.04548896768
"658",883,NA
"659",863,2774.67954375137
"660",597,2950.16608860575
"661",106,2774.38696110183
"662",830,2777.4967909809
"663",1210,3020.42226749237
"664",1456,3046.6477277259
"665",1437,2725.1855724156
"666",444,2892.37935272622
"667",926,3188.94852833946
"668",822,2842.89195798359
"669",1,2940.58596740003
"670",836,2517.88066477955
"671",84,2951.38230039818
"672",1047,2919.77461559521
"673",76,2688.69686234432
"674",1173,2835.91603280655
"675",380,3037.41439201772
"676",266,3130.15404237482
"677",457,2798.73093168056
"678",480,2669.64516090709
"679",1091,2946.05169905419
"680",958,3014.76660939731
"681",1560,2826.81948127459
"682",1395,2956.79651719502
"683",368,2767.33864469018
"684",436,3084.90936962044
"685",1328,2851.32111616657
"686",263,3000.6189529669
"687",1494,2682.19548160898
"688",1485,2674.55052239913
"689",887,2928.25026309028
"690",58,2697.1442354124
"691",459,3016.99401513298
"692",100,2776.47420578297
"693",1013,2756.26906200046
"694",582,3054.26970360219
"695",1605,3093.32693971821
"696",1151,2871.86231062705
"697",741,2898.76507941379
"698",493,2989.70670278645
"699",602,2976.95354611737
"700",279,2546.42634715787
"701",943,3092.91304658852
"702",1227,3041.16322556118
"703",264,3052.23250464667
"704",794,2877.87015339612
"705",315,2720.73543046139
"706",1352,3046.43235562402
"707",1587,2959.20125652345
"708",1533,2850.48158804624
"709",716,2999.75918696114
"710",347,2931.10659552674
"711",390,2892.48867828488
"712",1048,2828.45533949044
"713",1350,2919.64993941407
"714",491,2809.62484472144
"715",1184,2728.59047622196
"716",1432,3011.7716011714
"717",559,2970.73146739241
"718",1333,2794.29023058174
"719",174,3108.82067669458
"720",810,2790.77314988486
"721",158,2959.23115693707
"722",1548,2619.97718792896
"723",72,2936.89050640476
"724",1008,2904.63008320465
"725",932,2916.11504947551
"726",280,3022.65021767577
"727",404,2691.29793176553
"728",1641,2968.03798020098
"729",300,3062.79410109854
"730",1451,2859.05562367772
"731",911,2978.02664957164
"732",456,2811.39879151007
"733",112,3065.59087681446
"734",1471,3083.77129606832
"735",1070,2862.04589002681
"736",974,2818.16253649232
"737",1489,3205.84609736058
"738",534,2745.06697913789
"739",1585,3090.61117524586
"740",1002,3051.61475117713
"741",63,3056.12386380317
"742",311,3062.97401541105
"743",885,3292.82393835716
"744",1126,3050.02471259798
"745",1549,2928.29029972849
"746",1105,2878.71762561287
"747",746,3020.90038244822
"748",501,3017.95844980123
"749",34,2915.91574328683
"750",147,2750.89473944898
"751",886,2908.81280189872
"752",1604,2610.81067549453
"753",1640,2854.3067666716
"754",532,2839.0823704233
"755",1423,2650.33016124241
"756",1221,3110.60484075533
"757",1631,2859.29638375489
"758",738,3015.74241226165
"759",295,2806.79087429171
"760",103,3018.02352906624
"761",1241,NA
"762",1036,2853.42347397226
"763",1073,2804.47430709873
"764",1499,2940.74099750006
"765",1297,3139.04786047719
"766",1051,NA
"767",1403,2816.45990704696
"768",1062,3126.34703410763
"769",913,2904.89775521278
"770",1277,2795.51386393713
"771",362,2662.04437715558
"772",1027,2644.05142247633
"773",1069,2891.20248414524
"774",1245,2899.3131155383
"775",666,2868.71270843821
"776",1498,3011.74355396641
"777",1194,2894.46258332116
"778",1294,2729.79148074856
"779",1108,2932.79513032991
"780",203,2712.75258927684
"781",754,2931.80610485813
"782",563,2888.2304179741
"783",728,2716.79015999679
"784",3,2948.13027674702
"785",1112,2894.9277846523
"786",1348,2865.21596699343
"787",757,2900.22514535057
"788",604,2720.18677216489
"789",1143,3007.82643670453
"790",639,2817.58817093932
"791",283,2962.94985586422
"792",698,2911.94147369428
"793",1268,2982.58534684605
"794",157,2729.8968202477
"795",281,2876.79803879494
"796",1625,3127.17911558975
"797",1474,2884.28925361556
"798",29,2965.80648760398
"799",1061,3144.44708143003
"800",866,2869.4869909945
"801",1313,2820.35188164531
"802",351,3001.03993883463
"803",133,2512.4116941605
"804",32,NA
"805",1628,2949.85074963107
"806",1256,2939.68278712466
"807",277,2745.78303939131
"808",1508,2708.14635959484
"809",1216,2988.3361066021
"810",1103,2797.77321109425
"811",194,2842.61628880515
"812",433,2760.11951618526
"813",1305,3028.32372583538
"814",39,2833.55137853542
"815",490,2790.30007821136
"816",626,3028.08631959663
"817",1632,3070.36249071064
"818",596,2992.74209658504
"819",1267,2958.26505206097
"820",565,2777.94402096768
"821",208,2938.12624387409
"822",301,2916.57599151611
"823",584,2964.85030560847
"824",917,3192.41674804604
"825",545,2795.5030399933
"826",1191,2756.78166066451
"827",1436,2655.15649714573
"828",1415,2887.76091194949
"829",674,2669.85419156785
"830",966,2832.46736815138
"831",92,2762.40491620531
"832",261,2825.04803154589
"833",642,3055.15295586032
"834",1109,2772.85028573234
"835",1214,3118.59417091993
"836",59,2682.3496615146
"837",207,2740.14852816494
"838",10,3134.38615769222
"839",1376,2960.29756282723
"840",486,2888.51646786362
"841",695,3044.47860338303
"842",1078,3302.97502686625
"843",475,2863.59018982086
"844",530,3047.69737764313
"845",1361,2800.25971874036
"846",987,3001.20090003983
"847",440,2804.59617113356
"848",882,3066.02590546674
"849",1543,2848.92470064201
"850",581,2967.23243483172
"851",246,3013.53624642204
"852",148,NA
"853",90,2688.69462013639
"854",505,2732.63610412527
"855",1600,2829.04018381412
"856",538,2796.20250731549
"857",656,3005.67747136829
"858",7,2816.18687493411
"859",1115,2941.05635950781
"860",502,2814.59423841069
"861",1177,2931.97159171396
"862",980,2853.93021795407
"863",175,3010.37331078604
"864",56,3026.57839059715
"865",1308,2853.76376989352
"866",1192,2880.07691601509
"867",1217,2898.77596067722
"868",679,2760.21441160691
"869",337,2870.01250862168
"870",1169,3267.81473800753
"871",579,2693.7519608743
"872",1309,2936.62180484434
"873",1387,3093.92202311939
"874",428,2989.07022843593
"875",659,2825.18669977593
"876",129,3008.93241991789
"877",1496,2693.66465522989
"878",1160,2983.12623436244
"879",1075,2764.97224357694
"880",1046,3171.19178278388
"881",786,2720.77870771774
"882",1258,2753.44404791655
"883",878,3048.53405912056
"884",254,3012.00666634549
"885",914,2977.83014414881
"886",2,2967.94227155657
"887",397,2772.63085565378
"888",1279,2833.00483259037
"889",868,2708.14517011585
"890",1473,3193.43694280838
"891",619,2685.96266789196
"892",1536,3314.36696758616
"893",1391,3194.91696814002
"894",1336,2980.84429069109
"895",143,3022.42144358801
"896",1572,2992.60047132167
"897",282,2912.65707681485
"898",1085,2900.57615362936
"899",939,2975.13170731
"900",1031,2639.69335704526
"901",331,3028.16809738165
"902",8,2771.05915484441
"903",213,2986.09563323174
"904",1154,2765.57341454962
"905",1255,2886.34203590328
"906",686,3165.78086011495
"907",875,2773.29498365375
"908",1222,3068.26336959721
"909",1457,3059.89490968622
"910",940,2951.15782426587
"911",219,2902.49292233498
"912",798,2916.32125892348
"913",61,2630.51902549684
"914",557,2898.15569154682
"915",1342,2626.32395870637
"916",997,2781.14128728613
"917",328,2922.60070444181
"918",1615,2773.72809423683
"919",1567,3073.93910008617
"920",867,3087.29167333125
"921",400,2980.00487968895
"922",452,2758.60102053778
"923",96,2677.14547810349
"924",1444,2960.25511299599
"925",1431,3002.52146806529
"926",918,2688.36022205846
"927",820,2952.39163870673
"928",1312,2917.40833899497
"929",183,2889.46609413717
"930",299,3122.76077363936
"931",612,2999.01787444444
"932",730,2975.5981064354
"933",159,2849.05719354836
"934",498,2958.40590342869
"935",202,2823.67482919267
"936",978,3119.05912884559
"937",864,2869.67706190211
"938",166,3105.61500427193
"939",968,3123.03403234183
"940",1429,2923.05353880985
"941",1634,2926.83781777934
"942",244,2915.34266596459
"943",812,3025.83421114791
"944",48,2978.75595270457
"945",297,2958.38975960214
"946",670,2782.07394977848
"947",630,3126.48953881066
"948",528,2936.11061320612
"949",1208,2938.462640251
"950",1158,2897.95608689491
"951",585,3065.38644436351
"952",873,2825.4687888942
"953",1283,2783.56687864424
"954",35,2946.91539936321
"955",1523,2896.81449332616
"956",1285,2832.15893225986
"957",265,3079.04749797763
"958",1325,2597.41572866013
"959",273,3033.76242027329
"960",872,3088.37013757026
"961",1425,2719.43598303664
"962",1439,2922.27785644593
"963",907,3069.09740621248
"964",66,3010.43668262035
"965",1450,2758.52161412342
"966",1616,2863.05836321701
"967",1089,NA
"968",749,2995.85666746138
"969",1166,3030.55563643097
"970",378,2905.2741499048
"971",1455,2793.07835389625
"972",495,3090.7483833641
"973",1019,2820.16451170947
"974",1447,2819.35456328777
"975",1315,2903.08515890944
"976",64,3021.79829852154
"977",1298,2739.57829406719
"978",193,2897.83801461516
"979",696,3009.5645897484
"980",1516,2888.72063926736
"981",1243,3031.83953735716
"982",860,3115.49821098129
"983",775,NA
"984",785,2980.25938556489
"985",737,3018.52501476855
"986",1179,3138.50400561149
"987",990,2953.31686716749
"988",1018,2778.79089423305
"989",845,2907.67825141633
"990",156,2737.86034697754
"991",676,2998.01842686056
"992",1314,3057.44722064793
"993",1145,2824.1279318146
"994",900,2929.24407764679
"995",1101,2929.85385424654
"996",327,3132.06887640497
"997",1282,3166.55587601663
"998",1636,2860.72635247612
"999",477,3009.17434257674
"1000",1223,3018.37075596463
"1001",256,2931.94589540316
"1002",1122,2912.7948680503
"1003",1011,2956.95994680682
"1004",903,2955.27619489496
"1005",546,2989.46781374408
"1006",991,3044.63355089765
"1007",1229,2803.87503941059
"1008",1383,3142.22178032814
"1009",758,3051.0685892836
"1010",951,NA
"1011",131,3006.69971033774
"1012",1531,2646.91490542173
"1013",1125,3017.84979315341
"1014",1389,3062.00956058507
"1015",1430,2804.78806214673
"1016",861,2806.15312318696
"1017",817,2846.55271430644
"1018",1367,3027.90400257879
"1019",46,2875.82407916311
"1020",349,2990.08747950664
"1021",767,2692.02007051225
"1022",145,3173.83677416357
"1023",191,2768.84323247316
"1024",590,2766.49216301872
"1025",708,2789.48468768139
"1026",1264,3056.31747371777
"1027",865,2718.27302027136
"1028",1365,2979.11662050704
"1029",544,3096.64189059557
"1030",1212,2926.04047125339
"1031",1030,3074.99051792142
"1032",354,2845.23835104342
"1033",1095,2482.45667513055
"1034",1329,3061.03406001605
"1035",448,2974.64941544756
"1036",1276,2810.96542574568
"1037",173,2952.49985125474
"1038",1093,2738.42084066427
"1039",451,3016.2359124544
"1040",627,2839.00388134763
"1041",1331,2795.36053814969
"1042",1251,2802.35042249433
"1043",1193,2715.23885326787
"1044",760,3087.28541905908
"1045",848,3035.80311063457
"1046",233,2778.1514673743
"1047",598,3139.82864044079
"1048",925,3164.80725518557
"1049",1060,2964.9940053758
"1050",833,2887.40342055964
"1051",852,2914.83294627398
"1052",1161,NA
"1053",879,2824.31266292334
"1054",1417,2899.72654132561
"1055",1088,3005.60171686438
"1056",1144,2881.07738833073
"1057",1123,3053.10483554101
"1058",788,3041.91448852533
"1059",1142,3076.99608962208
"1060",1087,2944.43135771617
"1061",605,2710.3864558337
"1062",840,3003.26172818453
"1063",677,2758.42637348863
"1064",959,2860.69510783665
"1065",1186,2804.62570931132
"1066",762,2924.94371494352
"1067",668,2961.39711609178
"1068",419,2685.96308792549
"1069",325,2934.28990728838
"1070",1139,2880.3530593876
"1071",260,2811.49318675744
"1072",688,2922.87299374847
"1073",700,2784.86085944835
"1074",899,2824.23714445791
"1075",1338,2874.18386585707
"1076",1401,3041.0769050972
"1077",1617,3173.6324558686
"1078",26,2927.13049584727
"1079",1620,2884.56557422959
"1080",976,3007.59330424845
"1081",345,3193.66279767595
"1082",1234,NA
"1083",1247,2919.34743939859
"1084",1271,2952.53109877524
"1085",274,2800.81670236439
"1086",621,2700.16596943152
"1087",1557,2895.41236082515
"1088",923,3011.49049094383
"1089",1546,2961.2546013598
"1090",1033,3036.14141592296
"1091",628,2596.99069907503
"1092",1409,2587.96726770191
"1093",248,2703.85460379201
"1094",645,3052.7048153732
"1095",262,3050.50965723336
"1096",1495,2648.49857541989
"1097",1323,2807.86809664537
"1098",1068,2755.6960192244
"1099",1362,2955.57751101985
"1100",801,3001.97890040541
"1101",141,2593.77048007138
"1102",931,2963.25352007906
"1103",1026,2868.08323732823
"1104",101,2953.31205648053
"1105",756,2746.06568375375
"1106",1487,2875.27595443895
"1107",125,2924.21102601925
"1108",1050,3073.12193828955
"1109",310,2928.84901869051
"1110",179,2974.76187558382
"1111",853,2853.89492861535
"1112",1116,2909.13309990142
"1113",1012,2746.63345254189
"1114",764,3080.7891120118
"1115",933,2809.80216188891
"1116",1242,2891.71965011811
"1117",1077,NA
"1118",650,2793.75069261528
"1119",1025,2640.55425974886
"1120",1311,2870.46376686769
"1121",992,2951.56950269159
"1122",401,2560.94056784353
"1123",74,2726.10921287818
"1124",909,NA
"1125",317,2839.03244415573
"1126",57,2894.56200336455
"1127",1449,2949.1834471492
"1128",572,2948.25890054492
"1129",816,2685.13344257229
"1130",755,2742.02213784118
"1131",1321,2909.99194468002
"1132",1460,2902.75486525277
"1133",251,2748.99692753516
"1134",288,2963.35675822414
"1135",935,2804.21692517411
"1136",838,2920.12005632165
"1137",843,2795.10531270274
"1138",1468,2979.87875735438
"1139",369,2720.18098817653
"1140",1602,2731.1016722767
"1141",410,3148.05094081542
"1142",1375,2876.21906095637
"1143",37,3014.14319954768
"1144",399,2962.45253646473
"1145",1009,2987.77441794269
"1146",1219,2456.40162163407
"1147",464,3089.04848924686
"1148",487,2937.13239086442
"1149",1149,2830.29586817526
"1150",269,2770.07172320001
"1151",1232,3052.04089483135
"1152",870,2859.95046160145
"1153",750,3011.49763592683
"1154",736,2881.3111714065
"1155",1134,2835.68492232851
"1156",826,2983.80158962912
"1157",1014,2683.52499351538
"1158",1505,2929.81527949929
"1159",541,2712.68456004151
"1160",75,2944.98901384598
"1161",1385,2946.02559073225
"1162",856,2896.61554148368
"1163",1445,2808.2071240675
"1164",710,3009.51115600468
"1165",552,3130.87534652896
"1166",647,2868.07374660859
"1167",1164,3069.06041588237
"1168",160,3143.70966582349
"1169",1273,2781.1032463354
"1170",88,2910.18313240015
"1171",376,3022.8307018384
"1172",1358,2819.99651114753
"1173",601,2892.08661915018
"1174",524,2693.3147732813
"1175",1405,2780.8467536754
"1176",1080,2869.8103322923
"1177",1156,2873.03323274588
"1178",489,3077.83639636797
"1179",359,2962.02405848187
"1180",154,2832.30604791494
"1181",858,2932.46318397456
"1182",1504,2864.19100138189
"1183",831,3133.70209484396
"1184",1408,2869.89578794246
"1185",22,3126.9655082928
"1186",1000,2885.76515688291
"1187",1318,2704.94773655462
"1188",993,2857.68102740161
"1189",689,2913.04604642908
"1190",773,2934.19870058153
"1191",941,2833.07862803739
"1192",791,2898.55175357717
"1193",1181,2882.19251077376
"1194",971,2430.09904613866
"1195",706,2932.54133716585
"1196",719,2945.42493813901
"1197",1198,2713.93477709536
"1198",176,2765.42808586837
"1199",503,2417.72655473865
"1200",97,2951.1351679031
"1201",851,2789.30796787812
"1202",1356,2869.82928723574
"1203",216,2934.33732292387
"1204",1042,2872.74148386077
"1205",81,2885.11919216014
"1206",819,2966.32982035076
"1207",1590,2975.97403638106
"1208",1114,2918.6704829833
"1209",960,2759.73944108969
"1210",431,2970.47271907601
"1211",1052,2615.63863433019
"1212",713,2956.44125234891
"1213",500,2987.62126571099
"1214",827,2901.19392786042
"1215",927,2916.47323841999
"1216",1481,3140.70348140402
"1217",1442,3022.8340926957
"1218",513,2688.52871913381
"1219",259,3159.41046539012
"1220",789,2898.4351547643
"1221",392,3018.49859957116
"1222",38,2797.45336513587
"1223",1035,2934.9560835176
"1224",967,3039.39690365206
"1225",763,3080.87873506066
"1226",655,2941.19480358191
"1227",275,2699.68768944725
"1228",255,3039.37537451654
"1229",734,2770.13549540083
"1230",227,2907.03072900646
"1231",140,3075.34914671061
"1232",1059,2820.18980541295
"1233",1528,2865.6312231443
"1234",744,3051.20261329655
"1235",629,3069.56950166571
"1236",1441,2663.97250690987
"1237",1196,2851.40731322064
"1238",105,3025.64911083636
"1239",902,2989.38326442137
"1240",396,2804.7065799708
"1241",1113,2753.33227142856
"1242",474,2997.37321101999
"1243",1335,2808.27274365934
"1244",555,NA
"1245",171,2657.53655331365
"1246",634,2874.73040640762
"1247",1253,2838.95089993944
"1248",471,3031.84579021413
"1249",1520,2869.50486062732
"1250",336,2932.58187717902
"1251",937,3108.3671772453
"1252",663,2880.71664829884
"1253",1057,2908.96126769488
"1254",1146,2934.25292982915
"1255",747,2686.61444229342
"1256",765,2819.40795033468
"1257",1472,2699.87420708566
"1258",1063,2594.94508158899
"1259",1416,3165.31269484817
"1260",1307,2975.88408607962
"1261",189,2984.99045968243
"1262",1490,2983.49856745745
"1263",814,3044.00117327375
"1264",1475,3141.08384874259
"1265",108,3169.70972165758
"1266",177,2832.93824813323
"1267",768,2893.05834008677
"1268",18,2855.63685691468
"1269",1039,2712.3192011104
"1270",1579,2993.80500394364
"1271",745,2961.05770230037
"1272",742,3002.51661313606
"1273",1007,2888.53338147046
"1274",1346,2956.58749955065
"1275",1357,2683.58651958825
"1276",1281,2818.92882452679
"1277",54,2930.23906690825
"1278",1529,2957.62580681732
"1279",1397,2924.33578860613
"1280",1582,3189.66249125753
"1281",1015,2976.70745467923
"1282",929,2659.60384145326
"1283",361,2794.86702773997
"1284",339,2871.68346267436
"1285",692,2758.28843451255
"1286",1135,2866.85404056644
"1287",1478,3171.72152152444
"1288",1235,2926.71995462543
"1289",1633,3096.67300630801
"1290",539,2935.6231217196
"1291",1084,2930.80232924445
"1292",523,2917.54882174156
"1293",583,3064.35135743254
"1294",178,3038.07692751125
"1295",732,2916.25827253616
"1296",963,3002.46454036016
"1297",1157,2840.47589959059
"1298",800,3066.95445886561
"1299",199,2964.58857001223
"1300",1624,2735.82862591865
"1301",578,3043.71927388263
"1302",1612,2989.65902435683
"1303",110,3094.16593966083
"1304",1398,2813.21534125782
"1305",600,2956.86953144356
"1306",727,2696.56198505292
"1307",893,2784.87209563481
"1308",1163,2846.45062562886
"1309",11,3127.4050659376
"1310",735,2796.47324633059
"1311",1381,2868.43910737699
"1312",1023,2878.26917794424
"1313",1236,2876.72187630154
"1314",515,2739.33464155363
"1315",135,2832.02171879307
"1316",1576,2812.00140970525
"1317",320,2676.30109111924
"1318",50,2922.42898597713
"1319",577,2861.46791539225
"1320",1566,2855.09926642205
"1321",1591,2888.11930805212
"1322",1055,2892.48449273652
"1323",421,2751.35692790756
"1324",1332,2914.20856880688
"1325",1324,2684.55859867707
"1326",1396,2950.64164620276
"1327",9,3102.07396000242
"1328",1165,2762.25424231137
"1329",829,3170.15400319051
"1330",377,2888.97415336402
"1331",230,2949.79858221655
"1332",979,2764.892136432
"1333",781,2766.07469125761
"1334",938,2904.31401602368
"1335",537,3078.64686317208
"1336",371,2959.56890649928
"1337",446,3058.55717184846
"1338",1293,3170.74715602969
"1339",188,2824.7964136283
"1340",467,2830.54554063046
"1341",895,2976.004291701
"1342",93,2947.89425219015
"1343",198,2765.46217968816
"1344",435,2729.39811057926
"1345",1372,2957.75575458099
"1346",556,3273.50249585705
"1347",1220,2971.98948199729
"1348",422,3043.08714030839
"1349",946,2874.04737086649
"1350",651,2955.67620495462
"1351",1366,3002.86036722445
"1352",366,2990.86110827408
"1353",14,3049.69787672915
"1354",1138,2770.2663563787
"1355",869,2649.7417168415
"1356",1238,2839.41241830558
"1357",1053,3025.45098484166
"1358",1507,2784.10000487246
"1359",271,2730.95401624262
"1360",787,2811.34970347297
"1361",1016,3120.00999114395
"1362",394,3024.96053577785
"1363",210,2571.59617897352
"1364",488,3034.49591883974
"1365",815,3015.20691005375
"1366",884,2904.75411735212
"1367",1067,3037.5864935492
"1368",319,2749.79588242752
"1369",1230,2985.57190342452
"1370",1099,2888.9158525943
"1371",1467,2819.86250833812
"1372",231,2705.76201180639
"1373",296,2947.35277118487
"1374",985,2866.06955094328
"1375",1510,2912.4261965239
"1376",323,2929.99866773129
"1377",192,2892.61135694236
"1378",653,2790.64090674533
"1379",982,2732.82775408424
"1380",593,2865.1972950376
"1381",1355,2997.81287281435
"1382",36,2965.66157474051
"1383",240,2827.94225602579
"1384",961,2919.17565735423
"1385",118,3058.06867197871
"1386",1635,3070.16067717375
"1387",278,3001.53771285284
"1388",504,2692.69752154396
"1389",445,2635.36842296821
"1390",87,2953.41467063935
"1391",1562,3119.55847273707
"1392",956,2679.6452381581
"1393",752,3096.42006468823
"1394",461,2746.59080463049
"1395",641,2948.3402474269
"1396",1233,2765.46981379543
"1397",1578,2870.55488032646
"1398",257,2851.28213036123
"1399",335,2888.62919952288
"1400",1284,2955.39829066736
"1401",27,3131.60052297581
"1402",1058,2924.5698194341
"1403",1147,2792.16512777684
"1404",1466,2885.85436609448
"1405",1589,3077.4320025204
"1406",1392,2916.29147319236
"1407",832,2751.66434478587
"1408",209,2644.82974760875
"1409",364,2860.82584616318
"1410",1124,2989.14918385886
"1411",434,2865.77645130481
"1412",994,2750.90029939174
"1413",1045,2839.58642585509
"1414",609,2936.59429898114
"1415",181,2769.05532872617
"1416",1224,2984.07876723832
"1417",16,2793.50639602655
"1418",850,2994.38229514681
"1419",115,2986.70387291263
"1420",610,2804.51560565321
"1421",406,2673.29195450858
"1422",1021,2665.63436554072
"1423",1598,2838.34940314794
"1424",170,2887.02353611136
"1425",975,NA
"1426",1225,2888.69492563628
"1427",665,3116.07716350319
"1428",915,2954.40328916587
"1429",809,2765.46336414691
"1430",953,2963.08789965365
"1431",1619,3086.98913720956
"1432",322,2996.03938861478
"1433",1581,2928.21306228827
"1434",1213,3169.01224042398
"1435",1041,3042.71288381228
"1436",485,2803.61936487584
"1437",167,3051.86047797415
"1438",168,2825.01765469447
"1439",855,2832.03652957225
"1440",462,2883.17789933837
"1441",267,3143.78379290028
"1442",212,2878.8521891213
"1443",1334,2919.82452249839
"1444",432,2914.10066746169
"1445",1249,2905.12796988094
"1446",614,3117.25302572932
"1447",1419,2887.02373870257
"1448",1400,3027.37125907442
"1449",548,2983.12255251122
"1450",438,2875.11229680121
"1451",1127,2922.93100059966
"1452",494,2826.47545278395
"1453",1584,2896.26909196271
"1454",912,2901.61337923959
"1455",965,2673.36098289079
"1456",384,3174.08346454209
"1457",570,3244.61363446988
"1458",620,2782.58850613094
"1459",424,3031.60896145652
"1460",41,3121.03229465894
"1461",1353,2911.63442152134
"1462",587,3059.35081610925
"1463",302,2599.20085663586
"1464",720,3049.31641040298
"1465",542,2931.08605252642
"1466",753,3011.05834274033
"1467",241,3099.86209692583
"1468",802,3022.61293862951
"1469",252,2977.78525633366
"1470",725,3067.47402815283
"1471",942,NA
"1472",429,2940.91070251427
"1473",796,2905.44621565823
"1474",1568,2697.34802003208
"1475",957,2876.71435380762
"1476",186,3043.24513613477
"1477",483,2974.48284459553
"1478",1153,2894.76813876212
"1479",799,2674.14914364492
"1480",21,2900.84657380508
"1481",460,3152.56573521319
"1482",553,2866.08155065585
"1483",1538,2983.79879074086
"1484",1463,2846.73190826064
"1485",1613,2928.21201793497
"1486",1371,2689.63153114115
"1487",1506,2874.12041433974
"1488",1188,2855.19548280708
"1489",367,3065.03371158182
"1490",891,2929.74418598505
"1491",1269,2874.40660410265
"1492",1477,3006.07611270534
"1493",1137,3045.04230760667
"1494",289,3219.33220933967
"1495",126,2949.12446283617
"1496",1010,3046.86685709566
"1497",132,2891.95903588864
"1498",507,3062.01008286654
"1499",358,2873.53223948859
"1500",1197,2778.76393607015
"1501",1386,2679.47146576185
"1502",6,2847.69993976984
"1503",418,3108.61837306751
"1504",536,3157.82596458933
"1505",237,2768.29255356456
"1506",1483,3102.53766699287
"1507",313,2935.10046072555
"1508",783,3085.7278776001
"1509",228,2849.79745105513
"1510",844,2921.18649144457
"1511",153,2680.34562897224
"1512",329,NA
"1513",740,2577.71700615155
"1514",904,2930.4786708244
"1515",1102,2902.59203493967
"1516",825,2962.26280473023
"1517",372,2937.70965486264
"1518",1185,2905.35273797043
"1519",1289,2875.96919051818
"1520",945,2848.8324567432
"1521",249,3004.57287840614
"1522",1553,2839.24474721045
"1523",1446,2580.90013814393
"1524",662,2948.30332371394
"1525",1610,2862.52471189506
"1526",1029,3002.35823901883
"1527",1458,2942.08900336761
"1528",847,2877.53055332315
"1529",1100,2667.28702845778
"1530",466,NA
"1531",116,2688.10567473387
"1532",792,2773.45487163433
"1533",205,2869.86228073829
"1534",447,2665.71057489168
"1535",352,2767.65067412892
"1536",1295,3135.13864487069
"1537",1594,2642.40670835419
"1538",1370,2990.70335117817
"1539",341,2905.57691863421
"1540",1482,2846.49083776519
"1541",305,2962.40993302844
"1542",1296,NA
"1543",1104,2809.14511633838
"1544",611,3064.07869910905
"1545",1573,3152.77420170385
"1546",1286,2992.39197944008
"1547",839,2675.67132276094
"1548",1260,2782.07233348428
"1549",1522,3009.68816660126
"1550",1595,3030.65264631689
"1551",731,2674.47404888588
"1552",1638,3151.18695320237
"1553",220,2959.08174997199
"1554",373,3059.96989391834
"1555",1250,3105.486544937
"1556",881,2827.10570095836
"1557",1464,2607.2165933833
"1558",1340,2886.45154122076
"1559",759,3008.00580136007
"1560",808,2945.35212178971
"1561",684,3087.02432319211
"1562",1360,3107.08722130652
"1563",1291,3042.6052691977
"1564",1351,2834.36088219872
"1565",777,2998.04542974676
"1566",430,2907.43300057001
"1567",624,3150.32648956322
"1568",1492,2994.41398598013
"1569",1384,2717.42702117811
"1570",1428,2949.09809723797
"1571",1071,2815.94205475368
"1572",529,2847.95904896373
"1573",314,2948.03670044205
"1574",522,2805.22560134487
"1575",952,2847.6597295149
"1576",1261,3012.08861862927
"1577",123,2915.21485588064
"1578",344,2839.16495184837
"1579",1374,3100.13721156155
"1580",821,3015.23981836145
"1581",714,2850.37644524596
"1582",229,2713.54541221272
"1583",1094,2994.90674676946
"1584",124,2876.80792953329
"1585",206,3014.14768659188
"1586",1577,2862.56838013419
"1587",1202,3141.23345993437
"1588",575,2841.61285918732
"1589",17,2741.71738004411
"1590",592,2911.2339772201
"1591",469,2823.57747354941
"1592",44,2859.9276163542
"1593",308,2928.6388855361
"1594",67,3044.74656728447
"1595",594,3039.16864662145
"1596",526,2897.48810799618
"1597",357,2717.12484398247
"1598",1525,2652.33538232924
"1599",1515,2901.22963001706
"1600",574,3009.51600111089
"1601",326,2909.96920299278
"1602",1280,2653.10373588964
"1603",1438,2884.01936652453
"1604",223,2901.28640804192
"1605",391,2820.630222545
"1606",871,2822.187273954
"1607",509,2971.77297881096
"1608",1206,3037.76409476566
"1609",375,3006.75912763037
"1610",1118,2986.9875745494
"1611",1422,2934.89290123589
"1612",1626,3138.97441901902
"1613",190,2897.32226995666
"1614",1187,2740.47519178002
"1615",468,2756.69272191804
"1616",470,2939.87596665483
"1617",31,2939.62991874398
"1618",1024,2858.52231293103
"1619",405,2868.2508724738
"1620",916,3036.28087930336
"1621",1614,3027.70883552456
"1622",23,2878.77087032973
"1623",1343,2660.95418995111
"1624",180,2978.28737804377
"1625",849,2817.13791988456
"1626",441,2802.17726387708
"1627",1563,2898.7431868166
"1628",1623,2861.59903375394
"1629",566,3109.89817014092
"1630",874,2995.26763027419
"1631",152,2995.21452945611
"1632",1287,2553.40611673671
"1633",472,NA
"1634",19,2984.97156701709
"1635",1534,3174.02621252299
"1636",1337,2717.9644854866
"1637",667,3150.22749094696
"1638",1254,3045.5158443296
"1639",1479,2752.69488274312
"1640",318,2833.8371044999
"1641",1420,2809.12931503312
